"hotel_name","hotel_address","hotel_website","contact_email","contact_phone_number","hotel_number_of_stars","city","country","price_single_room","price_double_room","price_4_people_room","included_services"
"The Grand London Hotel","123 Piccadilly St.","http://www.grandlondonhotel.com","info@grandlondonhotel.com","+44 20 7000 0001","5","London","United Kingdom","120","180","360","Free breakfast, Wi-Fi, daily room cleaning"
"Hotel Berlin Central","56 Unter den Linden","http://www.hotelberlincentral.de","contact@hotelberlincentral.de","+49 30 8000 1122","4","Berlin","Germany","90","140","280","Breakfast buffet, Wi-Fi, pool access"
"Le Parisien Elite","77 Avenue des Champs-Élysées","http://www.leparisienelite.fr","info@leparisienelite.fr","+33 1 4400 2233","5","Paris","France","150","220","440","Free breakfast, daily cleaning, spa access"
"Rome Imperial Inn","10 Via del Corso","http://www.romeimperialinn.it","reservations@romeimperialinn.it","+39 06 7000 4455","4","Rome","Italy","95","145","290","Wi-Fi, breakfast, rooftop terrace"
"Madrid Royal Stay","84 Calle de Alcalá","http://www.madridroyalstay.es","info@madridroyalstay.es","+34 91 123 4567","4","Madrid","Spain","100","160","320","Free breakfast, Wi-Fi, daily cleaning"
"The Amsterdam Canal Resort","22 Prinsengracht","http://www.amsterdamcanalresort.nl","contact@amsterdamcanalresort.nl","+31 20 557 7766","4","Amsterdam","Netherlands","110","170","340","Breakfast buffet, bicycle rental, Wi-Fi"
"The Athens Acropolis View","94 Ermou St.","http://www.athensacropolisview.gr","info@athensacropolisview.gr","+30 210 123 4567","3","Athens","Greece","80","130","260","Free breakfast, daily cleaning"
"Hotel Stockholm Serenity","210 Drottninggatan","http://www.stockholmserenity.se","contact@stockholmserenity.se","+46 8 555 3333","5","Stockholm","Sweden","120","180","360","Breakfast, sauna access, Wi-Fi"
"Copenhagen Canal Boutique","12 Nyhavn","http://www.copenhagencanalboutique.dk","info@copenhagencanalboutique.dk","+45 33 700 000","4","Copenhagen","Denmark","100","150","300","Free breakfast, Wi-Fi"
"Oslo Fjord Hotel","27 Karl Johans gate","http://www.oslofjordhotel.no","contact@oslofjordhotel.no","+47 22 600 111","4","Oslo","Norway","105","160","320","Breakfast included, gym access, Wi-Fi"
"Helsinki Nordic Inn","3 Mannerheimintie","http://www.helsinkinordicinn.fi","info@helsinkinordicinn.fi","+358 9 600 4444","4","Helsinki","Finland","95","140","280","Free breakfast, sauna, Wi-Fi"
"Zurich Lakeview Hotel","59 Bahnhofstrasse","http://www.zurichlakeview.ch","contact@zurichlakeview.ch","+41 44 777 8888","5","Zurich","Switzerland","140","210","420","Free breakfast, Wi-Fi, daily cleaning"
"Vienna Imperial Suites","200 Kärntner Straße","http://www.viennaimperialsuites.at","info@viennaimperialsuites.at","+43 1 300 1000","5","Vienna","Austria","130","200","400","Breakfast buffet, Wi-Fi, spa"
"Brussels Grand Palace Hotel","10 Grand Place","http://www.brusselsgrandpalace.be","contact@brusselsgrandpalace.be","+32 2 777 0000","4","Brussels","Belgium","110","170","340","Breakfast, Wi-Fi"
"Lisbon Riverside Inn","88 Rua Augusta","http://www.lisbonriversideinn.pt","info@lisbonriversideinn.pt","+351 21 900 1111","4","Lisbon","Portugal","90","140","280","Breakfast, Wi-Fi, daily cleaning"
"Prague Castle View Hotel","25 Karlova","http://www.praguecastleview.cz","contact@praguecastleview.cz","+420 2 2233 5555","5","Prague","Czech Republic","100","150","300","Free breakfast, Wi-Fi"
"Budapest Danube Resort","18 Andrassy Avenue","http://www.budapestdanuberesort.hu","info@budapestdanuberesort.hu","+36 1 700 1111","4","Budapest","Hungary","90","140","280","Breakfast buffet, Wi-Fi, spa"
"Krakow Old Town Stay","4 Floriańska","http://www.krakowoldtownstay.pl","contact@krakowoldtownstay.pl","+48 12 600 2000","3","Krakow","Poland","80","130","260","Breakfast, Wi-Fi"
"Reykjavik Aurora Inn","9 Laugavegur","http://www.reykjavikaurorainn.is","info@reykjavikaurorainn.is","+354 511 2233","4","Reykjavik","Iceland","120","180","360","Breakfast, Wi-Fi, sauna"
"Dublin Clover Hotel","33 Grafton Street","http://www.dublincloverhotel.ie","contact@dublincloverhotel.ie","+353 1 700 4444","4","Dublin","Ireland","90","140","280","Breakfast included, Wi-Fi"
"Edinburgh Castle Suites","210 Royal Mile","http://www.edinburghcastlesuites.uk","info@edinburghcastlesuites.uk","+44 131 600 1000","5","Edinburgh","Scotland","110","170","340","Breakfast, Wi-Fi, daily cleaning"
"Cardiff Bay Retreat","67 Mermaid Quay","http://www.cardiffbayretreat.uk","contact@cardiffbayretreat.uk","+44 29 6000 5555","4","Cardiff","Wales","85","130","260","Wi-Fi, breakfast"
"Belfast Titanic Hotel","42 Donegall Road","http://www.belfasttitanichotel.uk","info@belfasttitanichotel.uk","+44 28 9000 3333","4","Belfast","Northern Ireland","90","140","280","Breakfast, Wi-Fi"
"Luxembourg Garden Inn","5 Grand Rue","http://www.luxembourggardeninn.lu","contact@luxembourggardeninn.lu","+352 22 999 444","4","Luxembourg City","Luxembourg","110","170","340","Breakfast, Wi-Fi"
"Monaco Riviera Hotel","2 Avenue Princesse Grace","http://www.monacorivierahotel.mc","info@monacorivierahotel.mc","+377 99 777 000","5","Monte Carlo","Monaco","200","300","600","Breakfast, Wi-Fi, spa"
"Andorra Alpine Resort","12 Avinguda Meritxell","http://www.andorraalpineresort.ad","contact@andorraalpineresort.ad","+376 811 222","4","Andorra la Vella","Andorra","100","150","300","Breakfast, Wi-Fi"
"H Zagreb Hotel","34 Ilica","http://www.hzagrebhotel.hr","info@hzagrebhotel.hr","+385 1 700 1001","4","Zagreb","Croatia","85","130","260","Breakfast, Wi-Fi"
"Belgrade Danube View","56 Knez Mihailova","http://www.belgradedanubeview.rs","contact@belgradedanubeview.rs","+381 11 777 2222","4","Belgrade","Serbia","80","120","240","Breakfast, Wi-Fi"
"Sarajevo Balkan Inn","78 Ferhadija","http://www.sarajevobalkaninn.ba","info@sarajevobalkaninn.ba","+387 33 600 111","3","Sarajevo","Bosnia and Herzegovina","70","110","220","Wi-Fi, breakfast"
"Hotel Sofia Center","40 Vitosha Boulevard","http://www.hotelsofiacenter.bg","contact@hotelsofiacenter.bg","+359 2 111 3333","4","Sofia","Bulgaria","75","120","240","Breakfast, Wi-Fi"
"Bucharest Palace Hotel","99 Calea Victoriei","http://www.bucharestpalace.ro","info@bucharestpalace.ro","+40 21 889 4444","5","Bucharest","Romania","90","140","280","Breakfast, Wi-Fi, spa"
"Kyiv Golden Gate Inn","120 Khreshchatyk St.","http://www.kyivgoldengateinn.ua","contact@kyivgoldengateinn.ua","+380 44 600 7777","4","Kyiv","Ukraine","80","130","260","Breakfast, Wi-Fi"
"Moscow Red Square Hotel","55 Tverskaya St.","http://www.moscowredsquare.ru","info@moscowredsquare.ru","+7 495 555 0000","5","Moscow","Russia","100","160","320","Breakfast, Wi-Fi, pool"
"Ankara Anatolia Suites","23 Atatürk Boulevard","http://www.ankaraanatoliasuites.tr","contact@ankaraanatoliasuites.tr","+90 312 700 1111","4","Ankara","Turkey","85","130","260","Breakfast, Wi-Fi"
"Cairo Nile Palace","10 Tahrir Square","http://www.caironilepalace.eg","info@caironilepalace.eg","+20 2 333 9999","5","Cairo","Egypt","80","130","260","Breakfast, Wi-Fi, rooftop terrace"
"Casablanca Medina Inn","27 Boulevard Moulay Youssef","http://www.casablancamedinainn.ma","contact@casablancamedinainn.ma","+212 522 777 555","4","Casablanca","Morocco","75","120","240","Breakfast, Wi-Fi"
"Tunis Carthage Suites","59 Avenue Habib Bourguiba","http://www.tuniscarthagesuites.tn","info@tuniscarthagesuites.tn","+216 71 333 222","4","Tunis","Tunisia","70","110","220","Breakfast, Wi-Fi"
"Algiers City Hotel","11 Rue Didouche Mourad","http://www.algierscityhotel.dz","contact@algierscityhotel.dz","+213 21 500 600","4","Algiers","Algeria","65","100","200","Breakfast, Wi-Fi"
"Nairobi Safari Inn","88 Kenyatta Avenue","http://www.nairobisafariinn.ke","info@nairobisafariinn.ke","+254 20 444 7777","4","Nairobi","Kenya","60","90","180","Breakfast, Wi-Fi, airport shuttle"
"Addis Ababa Blue Nile Hotel","39 Churchill Ave","http://www.addisabababluenile.et","contact@addisabababluenile.et","+251 11 2233 555","4","Addis Ababa","Ethiopia","55","85","170","Breakfast, Wi-Fi"
"Kampala Victoria Suites","17 Kampala Road","http://www.kampalavictoriasuites.ug","info@kampalavictoriasuites.ug","+256 41 223 9999","3","Kampala","Uganda","50","80","160","Breakfast, Wi-Fi"
"Dakar Atlantic Inn","200 Avenue Cheikh Anta Diop","http://www.dakaratlanticinn.sn","contact@dakaratlanticinn.sn","+221 33 889 1111","4","Dakar","Senegal","65","100","200","Breakfast, Wi-Fi"
"Lagos Lagoon Hotel","45 Ozumba Mbadiwe Ave","http://www.lagoslagoonhotel.ng","info@lagoslagoonhotel.ng","+234 1 700 2222","4","Lagos","Nigeria","60","90","180","Breakfast, Wi-Fi"
"Johannesburg Highveld Suites","89 Maude St","http://www.joburghighveld.co.za","contact@joburghighveld.co.za","+27 11 222 3333","5","Johannesburg","South Africa","85","130","260","Breakfast, Wi-Fi, gym"
"Cape Town Table Bay Hotel","21 Long Street","http://www.capetowntablebay.co.za","info@capetowntablebay.co.za","+27 21 555 9999","5","Cape Town","South Africa","100","150","300","Breakfast, Wi-Fi, pool"
"Windhoek Desert Inn","67 Independence Ave","http://www.windhoekdesertinn.na","contact@windhoekdesertinn.na","+264 61 444 111","3","Windhoek","Namibia","55","90","180","Wi-Fi, breakfast"
"Gaborone Kalahari Hotel","33 Queens Rd","http://www.gaboronekalahari.co.bw","info@gaboronekalahari.co.bw","+267 31 200 111","4","Gaborone","Botswana","60","95","190","Breakfast, Wi-Fi"
"Harare Victoria Inn","5 Samora Machel Ave","http://www.hararevictoriainn.co.zw","contact@hararevictoriainn.co.zw","+263 4 700 888","4","Harare","Zimbabwe","60","90","180","Breakfast, Wi-Fi"
"Maputo Indian Ocean Hotel","99 Julius Nyerere Ave","http://www.maputoindianocean.mz","info@maputoindianocean.mz","+258 21 444 222","4","Maputo","Mozambique","65","100","200","Breakfast, Wi-Fi"
"Luanda Atlantic Suites","10 Rua Rainha Ginga","http://www.luandaatlanticsuites.ao","contact@luandaatlanticsuites.ao","+244 222 333 700","4","Luanda","Angola","70","110","220","Breakfast, Wi-Fi"
"Addis Regency","23 Meskal Square","http://www.addisregency.et","info@addisregency.et","+251 11 200 4444","4","Addis Ababa","Ethiopia","60","95","190","Wi-Fi, breakfast"
"Khartoum Blue Nile Inn","18 Nile St","http://www.khartoumbluenile.sd","contact@khartoumbluenile.sd","+249 15 500 9999","3","Khartoum","Sudan","55","85","170","Breakfast, Wi-Fi"
"Accra Coastal Hotel","40 Independence Ave","http://www.acracoastalhotel.gh","info@acracoastalhotel.gh","+233 30 277 1111","4","Accra","Ghana","60","90","180","Breakfast, Wi-Fi"
"Abidjan Lagoon Suites","66 Boulevard de Marseille","http://www.abidjanlagoon.ci","contact@abidjanlagoon.ci","+225 20 555 2222","4","Abidjan","Côte d'Ivoire","65","100","200","Breakfast, Wi-Fi"
"Rabat Imperial Hotel","7 Avenue Mohammed V","http://www.rabatimperial.ma","info@rabatimperial.ma","+212 537 700 300","4","Rabat","Morocco","70","110","220","Breakfast, Wi-Fi"
"Tripoli Mediterranean Inn","50 Omar Mukhtar St","http://www.tripolimediterranean.ly","contact@tripolimediterranean.ly","+218 21 333 9999","3","Tripoli","Libya","55","90","180","Breakfast, Wi-Fi"
"Tashkent Silk Road Hotel","25 Amir Timur St","http://www.tashkentsilkroad.uz","info@tashkentsilkroad.uz","+998 71 700 2000","4","Tashkent","Uzbekistan","60","90","180","Breakfast, Wi-Fi"
"Astana Steppe Inn","47 Qabanbay Batyr Ave","http://www.astanasteppe.kz","contact@astanasteppe.kz","+7 7172 444 999","4","Astana (Nur-Sultan)","Kazakhstan","65","100","200","Breakfast, Wi-Fi"
"Ulaanbaatar Genghis Hotel","2 Peace Avenue","http://www.ulaanbaatargenghis.mn","info@ulaanbaatargenghis.mn","+976 11 333 777","4","Ulaanbaatar","Mongolia","60","95","190","Breakfast, Wi-Fi"
"Beijing Forbidden City Suites","99 Chang'an Ave","http://www.beijingforbiddencity.cn","contact@beijingforbiddencity.cn","+86 10 6222 9999","5","Beijing","China","80","120","240","Breakfast, Wi-Fi"
"Shanghai Bund Luxury Hotel","100 Nanjing Rd","http://www.shanghaibundlux.cn","info@shanghaibundlux.cn","+86 21 555 2222","5","Shanghai","China","85","130","260","Breakfast, Wi-Fi, pool"
"Tokyo Sakura Inn","10 Chiyoda","http://www.tokyosakurainn.jp","contact@tokyosakurainn.jp","+81 3 8888 4444","5","Tokyo","Japan","100","150","300","Breakfast, Wi-Fi, onsen access"
"Osaka Bayview Hotel","45 Dotonbori","http://www.osakabayview.jp","info@osakabayview.jp","+81 6 7000 3333","4","Osaka","Japan","90","140","280","Breakfast, Wi-Fi"
"Seoul Han River Inn","11 Myeongdong-gil","http://www.seoulhanriver.kr","contact@seoulhanriver.kr","+82 2 999 5555","4","Seoul","South Korea","85","130","260","Breakfast, Wi-Fi"
"Busan Beach Resort","56 Haeundae-gu","http://www.busanbeachresort.kr","info@busanbeachresort.kr","+82 51 777 1111","4","Busan","South Korea","80","120","240","Breakfast, Wi-Fi, beach access"
"Hong Kong Harbor Hotel","7 Nathan Road","http://www.hongkongharbor.hk","contact@hongkongharbor.hk","+852 3000 9999","5","Hong Kong","Hong Kong","100","150","300","Breakfast, Wi-Fi"
"Taipei Lantern Inn","25 Zhongxiao East Rd","http://www.taipeilantern.tw","info@taipeilantern.tw","+886 2 7777 8888","4","Taipei","Taiwan","85","130","260","Breakfast, Wi-Fi"
"Bangkok Chao Phraya Suites","200 Sukhumvit Rd","http://www.bangkokchaophraya.th","contact@bangkokchaophraya.th","+66 2 555 2222","5","Bangkok","Thailand","60","90","180","Breakfast, Wi-Fi, pool"
"Phuket Island Resort","60 Patong Beach Rd","http://www.phuketislandresort.th","info@phuketislandresort.th","+66 76 333 7777","4","Phuket","Thailand","70","110","220","Breakfast, Wi-Fi, beach access"
"Kuala Lumpur Twin Towers Hotel","88 Jalan Ampang","http://www.kltwintowers.my","contact@kltwintowers.my","+60 3 7000 1111","5","Kuala Lumpur","Malaysia","75","120","240","Breakfast, Wi-Fi, pool"
"Penang Colonial Inn","12 George Town Rd","http://www.penangcolonial.my","info@penangcolonial.my","+60 4 999 5555","4","George Town","Malaysia","60","90","180","Breakfast, Wi-Fi"
"Singapore Merlion Suites","1 Orchard Road","http://www.singaporemerlion.sg","contact@singaporemerlion.sg","+65 6222 8888","5","Singapore","Singapore","100","150","300","Breakfast, Wi-Fi, gym"
"Manila Bayfront Hotel","33 Roxas Boulevard","http://www.manilabayfront.ph","info@manilabayfront.ph","+63 2 700 4444","4","Manila","Philippines","60","90","180","Breakfast, Wi-Fi"
"Jakarta Java Inn","90 Sudirman Ave","http://www.jakartajavainn.id","contact@jakartajavainn.id","+62 21 777 5555","4","Jakarta","Indonesia","55","85","170","Breakfast, Wi-Fi"
"Bali Sunset Resort","5 Kuta Beach","http://www.balisunset.id","info@balisunset.id","+62 361 500 444","5","Kuta","Indonesia","70","110","220","Breakfast, Wi-Fi, beach access"
"Hanoi Old Quarter Hotel","12 Hoan Kiem","http://www.hanoioldquarter.vn","contact@hanoioldquarter.vn","+84 24 333 2222","4","Hanoi","Vietnam","50","80","160","Breakfast, Wi-Fi"
"Ho Chi Minh City Saigon Inn","7 Nguyen Hue","http://www.saigoninn.vn","info@saigoninn.vn","+84 28 777 0000","4","Ho Chi Minh City","Vietnam","55","85","170","Breakfast, Wi-Fi"
"Phnom Penh Mekong Hotel","21 Preah Norodom Blvd","http://www.phnompenhmekong.kh","contact@phnompenhmekong.kh","+855 23 600 1111","3","Phnom Penh","Cambodia","45","75","150","Breakfast, Wi-Fi"
"Vientiane Lotus Inn","99 Lane Xang Ave","http://www.vientianelotus.la","info@vientianelotus.la","+856 21 700 222","3","Vientiane","Laos","50","80","160","Breakfast, Wi-Fi"
"Rangoon Royal Garden","8 Sule Pagoda Rd","http://www.rangoonroyalgarden.mm","contact@rangoonroyalgarden.mm","+95 1 222 5555","4","Yangon","Myanmar","45","70","140","Breakfast, Wi-Fi"
"New Delhi Connaught Hotel","110 Connaught Place","http://www.newdelhicp.in","info@newdelhicp.in","+91 11 7000 1111","5","New Delhi","India","50","80","160","Breakfast, Wi-Fi"
"Mumbai Ocean View","300 Marine Drive","http://www.mumbaiocean.in","contact@mumbaiocean.in","+91 22 555 2222","5","Mumbai","India","60","90","180","Breakfast, Wi-Fi"
"Colombo Galle Face Suites","45 Galle Face Road","http://www.colombogalle.lk","info@colombogalle.lk","+94 11 333 9999","4","Colombo","Sri Lanka","55","85","170","Breakfast, Wi-Fi"
"Malé Island Inn","77 Majeedhee Magu","http://www.maleisland.mv","contact@maleisland.mv","+960 300 1111","4","Malé","Maldives","80","120","240","Breakfast, Wi-Fi, beach access"
"Kathmandu Himalayan Hotel","90 Durbar Marg","http://www.kathmanduhimalayan.np","info@kathmanduhimalayan.np","+977 1 444 5555","3","Kathmandu","Nepal","40","70","140","Breakfast, Wi-Fi"
"Islamabad Margalla Suites","6 Jinnah Ave","http://www.islamabadmargalla.pk","contact@islamabadmargalla.pk","+92 51 600 2222","4","Islamabad","Pakistan","45","75","150","Breakfast, Wi-Fi"
"Dhaka Bengal Inn","25 Gulshan Ave","http://www.dhakabengal.bd","info@dhakabengal.bd","+880 2 777 4444","3","Dhaka","Bangladesh","40","70","140","Breakfast, Wi-Fi"
"Kabul Silk Road Hotel","12 Great Massoud Road","http://www.kabulsilk.af","contact@kabulsilk.af","+93 20 777 1111","3","Kabul","Afghanistan","35","60","120","Breakfast, Wi-Fi"
"Tehran Persian Suites","88 Vali Asr St","http://www.tehranpersian.ir","info@tehranpersian.ir","+98 21 333 5555","4","Tehran","Iran","45","75","150","Breakfast, Wi-Fi"
"Baghdad Mesopotamia Inn","21 Saadoun St","http://www.baghdadmesopotamia.iq","contact@baghdadmesopotamia.iq","+964 1 700 8888","3","Baghdad","Iraq","40","70","140","Breakfast, Wi-Fi"
"Riyadh Desert Palace","50 Olaya St","http://www.riyadhdesert.sa","info@riyadhdesert.sa","+966 11 666 4444","5","Riyadh","Saudi Arabia","70","110","220","Breakfast, Wi-Fi, gym"
"Jeddah Red Sea Hotel","30 Corniche Rd","http://www.jeddahredsea.sa","contact@jeddahredsea.sa","+966 12 600 9999","5","Jeddah","Saudi Arabia","75","120","240","Breakfast, Wi-Fi"
"Dubai Palm Resort","202 Sheikh Zayed Rd","http://www.dubaipalm.ae","info@dubaipalm.ae","+971 4 500 1000","5","Dubai","United Arab Emirates","100","150","300","Breakfast, Wi-Fi, pool"
"Abu Dhabi Corniche Inn","44 Corniche Rd","http://www.abudhabicorniche.ae","contact@abudhabicorniche.ae","+971 2 777 5555","5","Abu Dhabi","United Arab Emirates","95","140","280","Breakfast, Wi-Fi"
"Doha Pearl Suites","17 Al Corniche","http://www.dohapearl.qa","info@dohapearl.qa","+974 4400 1111","5","Doha","Qatar","90","140","280","Breakfast, Wi-Fi"
"Manama Gulf Hotel","60 King Faisal Hwy","http://www.manamagulf.bh","contact@manamagulf.bh","+973 17 999 333","4","Manama","Bahrain","85","130","260","Breakfast, Wi-Fi"
"Kuwait City Marina Inn","200 Arabian Gulf St","http://www.kuwaitmarina.kw","info@kuwaitmarina.kw","+965 2222 7777","4","Kuwait City","Kuwait","80","120","240","Breakfast, Wi-Fi"
"Muscat Oasis Resort","15 Al Qurum","http://www.muscatoasis.om","contact@muscatoasis.om","+968 24 700 111","4","Muscat","Oman","75","110","220","Breakfast, Wi-Fi"
"Amman Petra Suites","33 Rainbow St","http://www.ammanpetra.jo","info@ammanpetra.jo","+962 6 600 2222","4","Amman","Jordan","60","95","190","Breakfast, Wi-Fi"
"Beirut Cedars Hotel","77 Hamra St","http://www.beirutcedars.lb","contact@beirutcedars.lb","+961 1 777 100","4","Beirut","Lebanon","65","100","200","Breakfast, Wi-Fi"
"Jerusalem Old City Inn","9 Jaffa Gate","http://www.jerusalemold.il","info@jerusalemold.il","+972 2 444 3333","5","Jerusalem","Israel","90","140","280","Breakfast, Wi-Fi"
"Ramallah Palestine Suites","5 Al-Manara Square","http://www.ramallahpalestine.ps","contact@ramallahpalestine.ps","+970 2 222 7777","3","Ramallah","Palestine","50","80","160","Breakfast, Wi-Fi"
"Damascus Silk Road","10 Straight Street","http://www.damascussilk.sy","info@damascussilk.sy","+963 11 666 200","3","Damascus","Syria","40","70","140","Breakfast, Wi-Fi"
"Beirut Mar Mikhael Loft","22 Mar Mikhael","http://www.beirutmarmikhael.lb","contact@beirutmarmikhael.lb","+961 1 333 4444","4","Beirut","Lebanon","70","110","220","Breakfast, Wi-Fi"
"Doha West Bay Inn","44 West Bay","http://www.dohawestbay.qa","info@dohawestbay.qa","+974 4400 2222","4","Doha","Qatar","85","130","260","Breakfast, Wi-Fi"
"Toronto Maple Leaf Hotel","100 Yonge St","http://www.torontomapleleaf.ca","contact@torontomapleleaf.ca","+1 416 700 1111","5","Toronto","Canada","120","180","360","Breakfast, Wi-Fi, gym"
"Vancouver Pacific Inn","300 Robson St","http://www.vancouverpacific.ca","info@vancouverpacific.ca","+1 604 999 2222","5","Vancouver","Canada","130","200","400","Breakfast, Wi-Fi"
"Montreal Crescent Hotel","70 Crescent St","http://www.montrealcrescent.ca","contact@montrealcrescent.ca","+1 514 600 3333","4","Montreal","Canada","110","170","340","Breakfast, Wi-Fi"
"New York Empire Suites","500 5th Avenue","http://www.newyorkempire.us","info@newyorkempire.us","+1 212 700 0000","5","New York","United States","150","220","440","Breakfast, Wi-Fi"
"Los Angeles Sunset Hotel","102 Sunset Blvd","http://www.losangelessunset.us","contact@losangelessunset.us","+1 323 888 5555","5","Los Angeles","United States","140","210","420","Breakfast, Wi-Fi"
"Chicago Windy Inn","55 Michigan Ave","http://www.chicagowindy.us","info@chicagowindy.us","+1 312 555 9999","4","Chicago","United States","130","195","390","Breakfast, Wi-Fi"
"Miami Beachfront Resort","200 Ocean Dr","http://www.miamibeachfront.us","contact@miamibeachfront.us","+1 305 777 4444","5","Miami","United States","120","180","360","Breakfast, Wi-Fi, pool"
"San Francisco Golden Gate","88 Market St","http://www.sanfranciscogold.us","info@sanfranciscogold.us","+1 415 600 3333","5","San Francisco","United States","140","210","420","Breakfast, Wi-Fi"
"Mexico City Zocalo Inn","66 Avenida Juárez","http://www.mexicozocalo.mx","contact@mexicozocalo.mx","+52 55 700 2222","4","Mexico City","Mexico","70","110","220","Breakfast, Wi-Fi"
"Cancun Beach Paradise","5 Zona Hotelera","http://www.cancunbeach.mx","info@cancunbeach.mx","+52 998 444 6666","5","Cancún","Mexico","80","120","240","Breakfast, Wi-Fi, beach access"
"Guadalajara Tequila Suites","9 Avenida Chapultepec","http://www.guadalajarateq.mx","contact@guadalajarateq.mx","+52 33 600 1111","4","Guadalajara","Mexico","65","100","200","Breakfast, Wi-Fi"
"Rio de Janeiro Copacabana Hotel","100 Avenida Atlântica","http://www.riocopacabana.br","info@riocopacabana.br","+55 21 555 7777","5","Rio de Janeiro","Brazil","80","120","240","Breakfast, Wi-Fi, beach access"
"São Paulo Paulista Inn","300 Avenida Paulista","http://www.saopaulopaulista.br","contact@saopaulopaulista.br","+55 11 888 4444","4","São Paulo","Brazil","70","110","220","Breakfast, Wi-Fi"
"Buenos Aires Tango Suites","55 Avenida 9 de Julio","http://www.buenosairestango.ar","info@buenosairestango.ar","+54 11 777 2222","4","Buenos Aires","Argentina","60","90","180","Breakfast, Wi-Fi"
"Cordoba Colonial Inn","22 Avenida Vélez Sarsfield","http://www.cordobacolonial.ar","contact@cordobacolonial.ar","+54 351 600 3333","3","Córdoba","Argentina","50","80","160","Breakfast, Wi-Fi"
"Santiago Andean Resort","20 Alameda","http://www.santiagoandean.cl","info@santiagoandean.cl","+56 2 555 9999","5","Santiago","Chile","70","110","220","Breakfast, Wi-Fi"
"Lima Miraflores Hotel","45 Avenida Larco","http://www.limamiraflores.pe","contact@limamiraflores.pe","+51 1 600 4444","4","Lima","Peru","60","90","180","Breakfast, Wi-Fi"
"Quito Colonial Plaza","33 Calle Chile","http://www.quitocolonial.ec","info@quitocolonial.ec","+593 2 700 2222","4","Quito","Ecuador","55","85","170","Breakfast, Wi-Fi"
"Bogotá Andino Inn","99 Carrera 7","http://www.bogotaandino.co","contact@bogotaandino.co","+57 1 888 1111","4","Bogotá","Colombia","60","90","180","Breakfast, Wi-Fi"
"Medellín Paisa Hotel","10 Avenida El Poblado","http://www.medellinpaisa.co","info@medellinpaisa.co","+57 4 333 7777","4","Medellín","Colombia","55","85","170","Breakfast, Wi-Fi"
"Caracas Bolivar Suites","12 Sabana Grande","http://www.caracasbolivar.ve","contact@caracasbolivar.ve","+58 212 600 3333","3","Caracas","Venezuela","50","80","160","Breakfast, Wi-Fi"
"Panama City Canal View","8 Avenida Balboa","http://www.panamacitycanal.pa","info@panamacitycanal.pa","+507 200 7777","4","Panama City","Panama","70","110","220","Breakfast, Wi-Fi"
"San José Tico Hotel","55 Avenida Central","http://www.sanjosetico.cr","contact@sanjosetico.cr","+506 2255 8888","3","San José","Costa Rica","65","100","200","Breakfast, Wi-Fi"
"Guatemala City Mayan Inn","10 Avenida Reforma","http://www.guatemalamayan.gt","info@guatemalamayan.gt","+502 2333 4444","3","Guatemala City","Guatemala","60","90","180","Breakfast, Wi-Fi"
"Tegucigalpa Central Suites","77 Boulevard Morazán","http://www.tegucentral.hn","contact@tegucentral.hn","+504 2233 1111","3","Tegucigalpa","Honduras","55","85","170","Breakfast, Wi-Fi"
"San Salvador Cuscatlan Hotel","30 Alameda Roosevelt","http://www.sansalvadorcuscatlan.sv","info@sansalvadorcuscatlan.sv","+503 2222 9999","3","San Salvador","El Salvador","50","80","160","Breakfast, Wi-Fi"
"Managua Lake Inn","4 Carretera Masaya","http://www.managualake.ni","contact@managualake.ni","+505 2222 5555","3","Managua","Nicaragua","45","75","150","Breakfast, Wi-Fi"
"San Pedro Sula Tropic Suites","90 Avenida Circunvalacion","http://www.sanpedrotropic.hn","info@sanpedrotropic.hn","+504 2666 4444","4","San Pedro Sula","Honduras","55","85","170","Breakfast, Wi-Fi"
"Belize City Caribbean Inn","1 Regent St","http://www.belizecaribbean.bz","contact@belizecaribbean.bz","+501 223 5555","3","Belize City","Belize","60","90","180","Breakfast, Wi-Fi"
"Kingston Blue Mountain Hotel","23 Hope Road","http://www.kingstonbluemt.jm","info@kingstonbluemt.jm","+1 876 700 3333","4","Kingston","Jamaica","65","100","200","Breakfast, Wi-Fi"
"Havana Malecon Suites","77 El Malecón","http://www.havanamalecon.cu","contact@havanamalecon.cu","+53 7 333 1111","4","Havana","Cuba","50","80","160","Breakfast, Wi-Fi"
"Port-au-Prince Caribbean Inn","60 Delmas","http://www.portauprincecaribbean.ht","info@portauprincecaribbean.ht","+509 2222 4444","3","Port-au-Prince","Haiti","45","75","150","Breakfast, Wi-Fi"
"Santo Domingo Colonial Hotel","11 El Conde","http://www.santodomingocolonial.do","contact@santodomingocolonial.do","+1 809 600 2222","4","Santo Domingo","Dominican Republic","55","85","170","Breakfast, Wi-Fi"
"San Juan Viejo Inn","15 Calle Fortaleza","http://www.sanjuanviejo.pr","info@sanjuanviejo.pr","+1 787 333 7777","4","San Juan","Puerto Rico","60","90","180","Breakfast, Wi-Fi"
"Nassau Paradise Island Hotel","3 Bay Street","http://www.nassauparadise.bs","contact@nassauparadise.bs","+1 242 600 4444","5","Nassau","Bahamas","80","120","240","Breakfast, Wi-Fi, beach access"
"Bridgetown Caribbean Breeze","20 Broad St","http://www.bridgetownbreeze.bb","info@bridgetownbreeze.bb","+1 246 333 5555","4","Bridgetown","Barbados","70","110","220","Breakfast, Wi-Fi"
"Port of Spain Savannah Inn","99 Queen's Park","http://www.possavannah.tt","contact@possavannah.tt","+1 868 700 8888","4","Port of Spain","Trinidad and Tobago","75","120","240","Breakfast, Wi-Fi"
"Kingstown Grenadine Suites","10 Bay St","http://www.kingstowngrenadine.vc","info@kingstowngrenadine.vc","+1 784 600 1111","3","Kingstown","St. Vincent and the Grenadines","60","90","180","Breakfast, Wi-Fi"
"Castries Island Hotel","5 Jeremie Street","http://www.castriesisland.lc","contact@castriesisland.lc","+1 758 777 9999","4","Castries","St. Lucia","70","110","220","Breakfast, Wi-Fi"
"Roseau Caribbean Resort","2 Victoria St","http://www.roseaucaribbean.dm","info@roseaucaribbean.dm","+1 767 222 5555","3","Roseau","Dominica","60","90","180","Breakfast, Wi-Fi"
"St. John's Bay Inn","45 High St","http://www.stjohnsbay.ag","contact@stjohnsbay.ag","+1 268 777 1111","4","St. John's","Antigua and Barbuda","70","110","220","Breakfast, Wi-Fi"
"Kingston Capital Suites","8 Duke St","http://www.kingstoncapital.jm","info@kingstoncapital.jm","+1 876 600 8888","4","Kingston","Jamaica","65","100","200","Breakfast, Wi-Fi"
"Port Moresby Coral Inn","10 Ela Beach Rd","http://www.portmoresbycoral.pg","contact@portmoresbycoral.pg","+675 321 3333","3","Port Moresby","Papua New Guinea","60","90","180","Breakfast, Wi-Fi"
"Suva Pacific Hotel","25 Victoria Parade","http://www.suvapacific.fj","info@suvapacific.fj","+679 331 7777","4","Suva","Fiji","65","100","200","Breakfast, Wi-Fi"
"Apia Beachfront Inn","3 Beach Rd","http://www.apiabeachfront.ws","contact@apiabeachfront.ws","+685 20000","3","Apia","Samoa","60","90","180","Breakfast, Wi-Fi"
"Nuku'alofa Pacific Suites","9 Taufa'ahau Rd","http://www.nukualofapacific.to","info@nukualofapacific.to","+676 22 333","3","Nuku'alofa","Tonga","55","85","170","Breakfast, Wi-Fi"
"Port Vila Lagoon Hotel","1 Kumul Hwy","http://www.portvilalagoon.vu","contact@portvilalagoon.vu","+678 22333","4","Port Vila","Vanuatu","60","90","180","Breakfast, Wi-Fi"
"Wellington Harbour View","88 Lambton Quay","http://www.wellingtonharbour.nz","info@wellingtonharbour.nz","+64 4 700 2222","5","Wellington","New Zealand","120","180","360","Breakfast, Wi-Fi"
"Auckland Sky Suites","5 Queen St","http://www.aucklandsky.nz","contact@aucklandsky.nz","+64 9 555 4444","5","Auckland","New Zealand","130","195","390","Breakfast, Wi-Fi"
"Sydney Harbour Hotel","200 George St","http://www.sydneyharbour.au","info@sydneyharbour.au","+61 2 8888 6666","5","Sydney","Australia","110","170","340","Breakfast, Wi-Fi"
"Melbourne Laneway Inn","77 Collins St","http://www.melbournelaneway.au","contact@melbournelaneway.au","+61 3 7000 2222","4","Melbourne","Australia","100","150","300","Breakfast, Wi-Fi"
"Brisbane River Suites","9 Queen St","http://www.brisbaneriver.au","info@brisbaneriver.au","+61 7 3333 9999","4","Brisbane","Australia","90","140","280","Breakfast, Wi-Fi"
"Perth Swan Hotel","22 St Georges Terrace","http://www.perthswan.au","contact@perthswan.au","+61 8 6000 7777","4","Perth","Australia","95","140","280","Breakfast, Wi-Fi"
"Adelaide Park Inn","34 Rundle St","http://www.adelaidepark.au","info@adelaidepark.au","+61 8 2222 5555","4","Adelaide","Australia","90","140","280","Breakfast, Wi-Fi"
"Hobart Waterfront Inn","19 Salamanca Place","http://www.hobartwaterfront.au","contact@hobartwaterfront.au","+61 3 6777 4444","3","Hobart","Australia","85","130","260","Breakfast, Wi-Fi"
"Dunedin Otago Hotel","11 Princes St","http://www.dunedinotago.nz","info@dunedinotago.nz","+64 3 444 3333","4","Dunedin","New Zealand","110","170","340","Breakfast, Wi-Fi"
"Nadi Coral Coast Inn","8 Queens Road","http://www.nadicoral.fj","contact@nadicoral.fj","+679 666 4444","3","Nadi","Fiji","60","90","180","Breakfast, Wi-Fi"
"Funafuti Lagoon Lodge","1 Main Rd","http://www.funafutilagoon.tv","info@funafutilagoon.tv","+688 200","3","Funafuti","Tuvalu","50","80","160","Breakfast, Wi-Fi"
"Majuro Atoll Suites","5 Lagoon Rd","http://www.majuroatoll.mh","contact@majuroatoll.mh","+692 625 4000","3","Majuro","Marshall Islands","55","85","170","Breakfast, Wi-Fi"
"Tarawa Pacific Inn","10 Bairiki Rd","http://www.tarawapacific.ki","info@tarawapacific.ki","+686 21000","3","Tarawa","Kiribati","50","80","160","Breakfast, Wi-Fi"
"Yaren Lagoon Hotel","4 Airport Rd","http://www.yarenlagoon.nr","contact@yarenlagoon.nr","+674 444 5555","3","Yaren","Nauru","60","90","180","Breakfast, Wi-Fi"
"Honiara Rainforest Inn","7 Mendana Ave","http://www.honiararainforest.sb","info@honiararainforest.sb","+677 22222","3","Honiara","Solomon Islands","55","85","170","Breakfast, Wi-Fi"
"Palikir Island Suites","2 Palikir Rd","http://www.palikirisland.fm","contact@palikirisland.fm","+691 320 6000","3","Palikir","Federated States of Micronesia","60","90","180","Breakfast, Wi-Fi"
"Porto Lisbon Atlantic","88 Avenida da Liberdade","http://www.portolisbonatlantic.pt","info@portolisbonatlantic.pt","+351 22 300 4444","4","Porto","Portugal","85","130","260","Breakfast, Wi-Fi"
"Vilnius Baltic Inn","14 Gediminas Ave","http://www.vilniusbaltic.lt","contact@vilniusbaltic.lt","+370 5 600 2222","4","Vilnius","Lithuania","80","120","240","Breakfast, Wi-Fi"
"Riga Old Town Suites","9 Brivibas St","http://www.rigaoldtown.lv","info@rigaoldtown.lv","+371 67 777 333","4","Riga","Latvia","80","130","260","Breakfast, Wi-Fi"
"Tallinn Medieval Hotel","3 Viru St","http://www.tallinnmedieval.ee","contact@tallinnmedieval.ee","+372 6 600 555","4","Tallinn","Estonia","85","130","260","Breakfast, Wi-Fi"
"Minsk European Inn","50 Independence Ave","http://www.minskeuro.by","info@minskeuro.by","+375 17 333 2222","4","Minsk","Belarus","70","110","220","Breakfast, Wi-Fi"
"Yerevan Cascade Hotel","22 Sayat-Nova Ave","http://www.yerevancascade.am","contact@yerevancascade.am","+374 10 700 111","4","Yerevan","Armenia","65","100","200","Breakfast, Wi-Fi"
"Tbilisi Rustaveli Suites","45 Rustaveli Ave","http://www.tbilisirustaveli.ge","info@tbilisirustaveli.ge","+995 32 500 444","4","Tbilisi","Georgia","60","90","180","Breakfast, Wi-Fi"
"Baku Caspian Sea Inn","11 Neftchilar Ave","http://www.bakucaspian.az","contact@bakucaspian.az","+994 12 700 222","4","Baku","Azerbaijan","70","110","220","Breakfast, Wi-Fi"
"Yamoussoukro Ivory Inn","4 Boulevard Houphouet-Boigny","http://www.yamoussoukroivory.ci","info@yamoussoukroivory.ci","+225 30 666 9999","3","Yamoussoukro","Côte d'Ivoire","65","100","200","Breakfast, Wi-Fi"
"Lusaka Zambezi Suites","99 Cairo Road","http://www.lusakazambezi.zm","contact@lusakazambezi.zm","+260 21 1222 555","3","Lusaka","Zambia","55","85","170","Breakfast, Wi-Fi"
"Phnom Penh Riverside Hotel","40 Sisowath Quay","http://www.phnompenhriver.kh","info@phnompenhriver.kh","+855 23 333 777","4","Phnom Penh","Cambodia","50","80","160","Breakfast, Wi-Fi"
"Ulaanbaatar Central Inn","30 Peace Avenue","http://www.ulaanbaatarcentral.mn","contact@ulaanbaatarcentral.mn","+976 11 444 777","3","Ulaanbaatar","Mongolia","60","90","180","Breakfast, Wi-Fi"
"Thimphu Dragon Suites","8 Norzin Lam","http://www.thimphudragon.bt","info@thimphudragon.bt","+975 2 222 333","3","Thimphu","Bhutan","45","75","150","Breakfast, Wi-Fi"
"Malegaon Deccan Hotel","210 MG Road","http://www.malegaondeccan.in","contact@malegaondeccan.in","+91 2552 700 999","3","Malegaon","India","40","70","140","Breakfast, Wi-Fi"
"Kigali Great Lakes Inn","22 KN 5 Rd","http://www.kigaligreatlakes.rw","info@kigaligreatlakes.rw","+250 788 444 222","4","Kigali","Rwanda","55","85","170","Breakfast, Wi-Fi"
"Grenada St. George's Bay Inn","7 Grand Anse","http://www.stgeorgesbay.gd","contact@stgeorgesbay.gd","+1 473 444 5555","4","St. George's","Grenada","70","110","220","Breakfast, Wi-Fi"
"Reunion St-Denis Hotel","13 Rue Jean Chatel","http://www.stdenishotel.re","info@stdenishotel.re","+262 262 200 222","4","Saint-Denis","Réunion","80","120","240","Breakfast, Wi-Fi"
"Papeete Tahiti Lagoon","6 Boulevard Pomare","http://www.papeetetahiti.pf","contact@papeetetahiti.pf","+689 40 700 333","4","Papeete","French Polynesia","90","140","280","Breakfast, Wi-Fi"
"Noumea Coral Reef Inn","3 Rue de l'Alma","http://www.noumeacoral.nc","info@noumeacoral.nc","+687 27 7000","4","Nouméa","New Caledonia","85","130","260","Breakfast, Wi-Fi"
"Stanley Falkland Suites","10 Ross Road","http://www.stanleyfalkland.fk","contact@stanleyfalkland.fk","+500 22222","3","Stanley","Falkland Islands","75","110","220","Breakfast, Wi-Fi"
"Reykjavik Northern Star","11 Laugavegur","http://www.reykjaviknorthern.is","info@reykjaviknorthern.is","+354 511 9999","5","Reykjavik","Iceland","120","180","360","Breakfast, Wi-Fi"
"Ushuaia End of World Hotel","18 Maipú","http://www.ushuaiaend.ar","contact@ushuaiaend.ar","+54 2901 600 333","4","Ushuaia","Argentina","90","140","280","Breakfast, Wi-Fi"
"La Paz Altiplano Inn","45 Paseo El Prado","http://www.lapazaltiplano.bo","info@lapazaltiplano.bo","+591 2 222 5555","3","La Paz","Bolivia","50","80","160","Breakfast, Wi-Fi"
"Asunción Guaraní Hotel","9 Palma St","http://www.asuncionguarani.py","contact@asuncionguarani.py","+595 21 600 222","4","Asunción","Paraguay","60","90","180","Breakfast, Wi-Fi"
"Montevideo Río de la Plata Inn","16 Avenida 18 de Julio","http://www.montevideo-inn.uy","info@montevideo-inn.uy","+598 2 333 7777","4","Montevideo","Uruguay","65","100","200","Breakfast, Wi-Fi"
"La Habana Capitol Suites","5 El Capitolio","http://www.habanacapitol.cu","contact@habanacapitol.cu","+53 7 555 8888","4","Havana","Cuba","55","85","170","Breakfast, Wi-Fi"
"Georgetown Demerara Hotel","22 Main St","http://www.georgetowndemerara.gy","info@georgetowndemerara.gy","+592 225 4444","3","Georgetown","Guyana","60","90","180","Breakfast, Wi-Fi"
"Paramaribo Suriname Inn","30 Waterkant","http://www.paramaribosuriname.sr","contact@paramaribosuriname.sr","+597 472000","3","Paramaribo","Suriname","55","85","170","Breakfast, Wi-Fi"
"Bishkek Silk Road Inn","12 Chuy Ave","http://www.bishkeksilk.kg","info@bishkeksilk.kg","+996 312 333 777","3","Bishkek","Kyrgyzstan","50","80","160","Breakfast, Wi-Fi"
"Dushanbe Pamir Hotel","44 Rudaki Ave","http://www.dushanbepamir.tj","contact@dushanbepamir.tj","+992 372 600 999","4","Dushanbe","Tajikistan","55","85","170","Breakfast, Wi-Fi"
"Ashgabat Oasis Hotel","28 Turkmenbashi Ave","http://www.ashgabatoasis.tm","info@ashgabatoasis.tm","+993 12 333 222","4","Ashgabat","Turkmenistan","60","90","180","Breakfast, Wi-Fi"
"Tirana Skanderbeg Inn","11 Rruga Kavajes","http://www.tiranaskanderbeg.al","contact@tiranaskanderbeg.al","+355 4 700 1111","4","Tirana","Albania","70","110","220","Breakfast, Wi-Fi"
"Podgorica Balkan Suites","9 Slobode St","http://www.podgoricabalkan.me","info@podgoricabalkan.me","+382 20 333 555","3","Podgorica","Montenegro","65","100","200","Breakfast, Wi-Fi"
"Maseru Maluti Hotel","50 Kingsway","http://www.maserumaluti.ls","contact@maserumaluti.ls","+266 2231 7777","3","Maseru","Lesotho","50","80","160","Breakfast, Wi-Fi"
"Mbabane Ezulwini Inn","6 Allister Miller St","http://www.mbabaneezulwini.sz","info@mbabaneezulwini.sz","+268 2404 2222","3","Mbabane","Eswatini","55","85","170","Breakfast, Wi-Fi"
"Porto-Novo Dahomey Suites","15 Avenue de l'Indépendance","http://www.portonovodahomey.bj","contact@portonovodahomey.bj","+229 21 300 444","3","Porto-Novo","Benin","50","80","160","Breakfast, Wi-Fi"
"Lomé Togolese Inn","2 Boulevard du 13 Janvier","http://www.lometogolese.tg","info@lometogolese.tg","+228 22 222 999","3","Lomé","Togo","55","85","170","Breakfast, Wi-Fi"
"Niamey Sahara Hotel","7 Avenue de l'Indépendance","http://www.niameysahara.ne","contact@niameysahara.ne","+227 20 700 111","3","Niamey","Niger","45","75","150","Breakfast, Wi-Fi"
"Nouakchott Desert Inn","1 Avenue Gamal Abdel Nasser","http://www.nouakchottdesert.mr","info@nouakchottdesert.mr","+222 45 300 555","3","Nouakchott","Mauritania","40","70","140","Breakfast, Wi-Fi"
"Gitega Great Lakes Hotel","13 Boulevard Ndadaye","http://www.gitegagreat.bi","contact@gitegagreat.bi","+257 22 333 999","3","Gitega","Burundi","45","75","150","Breakfast, Wi-Fi"
"Juba Nile Suites","4 Unity Ave","http://www.jubanile.ss","info@jubanile.ss","+211 92 333 1111","3","Juba","South Sudan","50","80","160","Breakfast, Wi-Fi"
"Marine Drive Horizon","180 Marine Drive","http://www.marinedrivehorizon.in","info@marinedrivehorizon.in","+91 22 7100 1111","4","Mumbai","India","65","100","200","Breakfast, Wi-Fi"
"Bandra West Boutique","77 Linking Rd","http://www.bandrawestboutique.in","contact@bandrawestboutique.in","+91 22 7200 2222","5","Mumbai","India","70","110","220","Breakfast, Wi-Fi"
"Colaba Gateway Inn","33 Colaba Causeway","http://www.colabagateway.in","reservations@colabagateway.in","+91 22 7300 3333","3","Mumbai","India","60","90","180","Breakfast, Wi-Fi"
"Juhu Beach Retreat","99 Juhu Tara Rd","http://www.juhubeachretreat.in","info@juhubeachretreat.in","+91 22 7400 4444","5","Mumbai","India","75","120","240","Breakfast, Wi-Fi, beach access"
"Worli Sea Face Suites","22 Worli Sea Face","http://www.worlisuites.in","contact@worlisuites.in","+91 22 7500 5555","4","Mumbai","India","65","100","200","Breakfast, Wi-Fi"
"Arbat Street Suites","12 Arbat St","http://www.arbatstreet.ru","info@arbatstreet.ru","+7 495 710 1111","4","Moscow","Russia","105","165","330","Breakfast, Wi-Fi"
"Kremlin Palace View","44 Red Square","http://www.kremlinpalaceview.ru","contact@kremlinpalaceview.ru","+7 495 720 2222","5","Moscow","Russia","110","170","340","Breakfast, Wi-Fi"
"Gorky Park Inn","23 Krymsky Val","http://www.gorkyparkinn.ru","reservations@gorkyparkinn.ru","+7 495 730 3333","3","Moscow","Russia","100","150","300","Breakfast, Wi-Fi"
"Bolshoi Theatre Heritage","9 Teatralnaya Sq","http://www.bolshoitheatreheritage.ru","info@bolshoitheatreheritage.ru","+7 495 740 4444","4","Moscow","Russia","105","160","320","Breakfast, Wi-Fi"
"Sokolniki Garden Hotel","55 Sokolnicheskiy Val","http://www.sokolnikigarden.ru","contact@sokolnikigarden.ru","+7 495 750 5555","3","Moscow","Russia","95","145","290","Breakfast, Wi-Fi"
"Recoleta Prestige","77 Avenida Alvear","http://www.recoletaprestige.ar","info@recoletaprestige.ar","+54 11 7100 1111","5","Buenos Aires","Argentina","65","95","190","Breakfast, Wi-Fi"
"Palermo Soho Suites","200 Serrano St","http://www.palermosoho.ar","contact@palermosoho.ar","+54 11 7200 2222","4","Buenos Aires","Argentina","60","90","180","Breakfast, Wi-Fi"
"San Telmo Heritage Inn","33 Defensa St","http://www.santelmoharitage.ar","reservations@santelmoharitage.ar","+54 11 7300 3333","3","Buenos Aires","Argentina","55","85","170","Breakfast, Wi-Fi"
"Puerto Madero Waterfront","99 Alicia Moreau de Justo","http://www.puertomaderowaterfront.ar","info@puertomaderowaterfront.ar","+54 11 7400 4444","5","Buenos Aires","Argentina","70","110","220","Breakfast, Wi-Fi"
"La Boca Classic Hotel","18 Caminito","http://www.labocaclassic.ar","contact@labocaclassic.ar","+54 11 7500 5555","4","Buenos Aires","Argentina","60","90","180","Breakfast, Wi-Fi"
"Polanco Deluxe Inn","55 Avenida Presidente Masaryk","http://www.polancodeluxe.mx","info@polancodeluxe.mx","+52 55 7100 1111","5","Mexico City","Mexico","75","115","230","Breakfast, Wi-Fi"
"Zocalo Heritage Hotel","9 Zocalo Plaza","http://www.zocaloheritage.mx","contact@zocaloheritage.mx","+52 55 7200 2222","4","Mexico City","Mexico","70","110","220","Breakfast, Wi-Fi"
"Roma Norte Boutique","88 Alvaro Obregon","http://www.romanorteboutique.mx","reservations@romanorteboutique.mx","+52 55 7300 3333","3","Mexico City","Mexico","65","105","210","Breakfast, Wi-Fi"
"Chapultepec Park View","100 Reforma Ave","http://www.chapultepecpark.mx","info@chapultepecpark.mx","+52 55 7400 4444","5","Mexico City","Mexico","80","120","240","Breakfast, Wi-Fi"
"Condesa Cultural Inn","45 Amsterdam Ave","http://www.condesacultural.mx","contact@condesacultural.mx","+52 55 7500 5555","4","Mexico City","Mexico","70","110","220","Breakfast, Wi-Fi"
"CN Tower View Inn","120 Front St W","http://www.cntowerview.ca","info@cntowerview.ca","+1 416 710 0000","5","Toronto","Canada","125","185","370","Breakfast, Wi-Fi"
"Distillery District Hotel","44 Mill St","http://www.distillerydistrict.ca","contact@distillerydistrict.ca","+1 416 720 1111","4","Toronto","Canada","115","175","350","Breakfast, Wi-Fi"
"Yorkville Luxury Suites","200 Bloor St W","http://www.yorkvillelux.ca","reservations@yorkvillelux.ca","+1 416 730 2222","5","Toronto","Canada","130","195","390","Breakfast, Wi-Fi"
"Harbourfront Skyline","10 Queens Quay W","http://www.harbourfrontsky.ca","info@harbourfrontsky.ca","+1 416 740 3333","4","Toronto","Canada","110","170","340","Breakfast, Wi-Fi"
"Toronto Islands Retreat","7 Ferry Terminal","http://www.torontoislands.ca","contact@torontoislands.ca","+1 416 750 4444","3","Toronto","Canada","100","150","300","Breakfast, Wi-Fi"
"Burj Khalifa View Suites","50 Sheikh Zayed Rd","http://www.burjkhalifaview.ae","info@burjkhalifaview.ae","+971 4 6000 1111","5","Dubai","United Arab Emirates","110","160","320","Breakfast, Wi-Fi"
"Dubai Marina Skyline","200 Al Marsa St","http://www.dubaimarinasky.ae","contact@dubaimarinasky.ae","+971 4 6100 2222","5","Dubai","United Arab Emirates","120","180","360","Breakfast, Wi-Fi"
"Palm Jumeirah Paradise","88 Crescent Rd","http://www.palmjumeirahparadise.ae","reservations@palmjumeirahparadise.ae","+971 4 6200 3333","5","Dubai","United Arab Emirates","130","195","390","Breakfast, Wi-Fi"
"Deira Heritage Inn","55 Al Rigga Rd","http://www.deiraheritage.ae","info@deiraheritage.ae","+971 4 6300 4444","4","Dubai","United Arab Emirates","100","150","300","Breakfast, Wi-Fi"
"Downtown Dubai Elite","99 Boulevard Plaza","http://www.downtowndubaielite.ae","contact@downtowndubaielite.ae","+971 4 6400 5555","5","Dubai","United Arab Emirates","140","210","420","Breakfast, Wi-Fi"
"Darling Harbour Suites","88 Darling Dr","http://www.darlingharboursuites.au","info@darlingharboursuites.au","+61 2 9100 1111","4","Sydney","Australia","110","170","340","Breakfast, Wi-Fi"
"Circular Quay Panorama","5 Circular Quay","http://www.circularquaypanorama.au","contact@circularquaypanorama.au","+61 2 9200 2222","5","Sydney","Australia","120","180","360","Breakfast, Wi-Fi"
"Bondi Beach Retreat","77 Campbell Parade","http://www.bondibeachretreat.au","reservations@bondibeachretreat.au","+61 2 9300 3333","4","Sydney","Australia","100","150","300","Breakfast, Wi-Fi, beach access"
"Kings Cross Boutique","45 Darlinghurst Rd","http://www.kingscrossboutique.au","info@kingscrossboutique.au","+61 2 9400 4444","3","Sydney","Australia","95","145","290","Breakfast, Wi-Fi"
"The Rocks Heritage Hotel","22 George St","http://www.therocksheritage.au","contact@therocksheritage.au","+61 2 9500 5555","5","Sydney","Australia","130","200","400","Breakfast, Wi-Fi"
"Marina Bay Iconic Hotel","10 Marina Blvd","http://www.marinabayiconic.sg","info@marinabayiconic.sg","+65 6222 1111","5","Singapore","Singapore","110","160","320","Breakfast, Wi-Fi"
"Orchard Road Retreat","88 Orchard Rd","http://www.orchardroadretreat.sg","contact@orchardroadretreat.sg","+65 6222 2222","4","Singapore","Singapore","100","150","300","Breakfast, Wi-Fi"
"Clarke Quay Riverside","5 Clarke Quay","http://www.clarkequayriverside.sg","reservations@clarkequayriverside.sg","+65 6222 3333","4","Singapore","Singapore","105","155","310","Breakfast, Wi-Fi"
"Chinatown Heritage Inn","45 Pagoda St","http://www.chinatownheritage.sg","info@chinatownheritage.sg","+65 6222 4444","3","Singapore","Singapore","95","145","290","Breakfast, Wi-Fi"
"Bugis Street Classic","200 Victoria St","http://www.bugisclassic.sg","contact@bugisclassic.sg","+65 6222 5555","4","Singapore","Singapore","100","150","300","Breakfast, Wi-Fi"
"Central Harborview Inn","20 Queen's Road Central","http://www.centralharborview.hk","info@centralharborview.hk","+852 3000 1111","5","Hong Kong","Hong Kong","110","160","320","Breakfast, Wi-Fi"
"Kowloon Star Ferry Hotel","88 Nathan Rd","http://www.kowloonstarferry.hk","contact@kowloonstarferry.hk","+852 3000 2222","4","Hong Kong","Hong Kong","100","150","300","Breakfast, Wi-Fi"
"Lan Kwai Fong Boutique","15 D'Aguilar St","http://www.lankwaifong.hk","reservations@lankwaifong.hk","+852 3000 3333","4","Hong Kong","Hong Kong","105","155","310","Breakfast, Wi-Fi"
"Causeway Bay Suites","55 Hennessy Rd","http://www.causewaybaysuites.hk","info@causewaybaysuites.hk","+852 3000 4444","3","Hong Kong","Hong Kong","95","145","290","Breakfast, Wi-Fi"
"Tsim Sha Tsui Panorama","200 Canton Rd","http://www.tsimshatsuipanorama.hk","contact@tsimshatsuipanorama.hk","+852 3000 5555","5","Hong Kong","Hong Kong","120","180","360","Breakfast, Wi-Fi"
"Myeongdong Boutique Hotel","33 Myeongdong-gil","http://www.myeongdongboutique.kr","info@myeongdongboutique.kr","+82 2 9100 1111","4","Seoul","South Korea","90","140","280","Breakfast, Wi-Fi"
"Gangnam Luxury Suites","220 Gangnam-daero","http://www.gangnamlux.kr","contact@gangnamlux.kr","+82 2 9200 2222","5","Seoul","South Korea","100","150","300","Breakfast, Wi-Fi"
"Insadong Cultural Inn","10 Insadong-gil","http://www.insadongcultural.kr","reservations@insadongcultural.kr","+82 2 9300 3333","3","Seoul","South Korea","80","130","260","Breakfast, Wi-Fi"
"Seoul City Hall Hotel","45 Taepyeongno","http://www.seoulcityhall.kr","info@seoulcityhall.kr","+82 2 9400 4444","4","Seoul","South Korea","85","135","270","Breakfast, Wi-Fi"
"Itaewon Global Suites","99 Itaewon-ro","http://www.itaewonglobal.kr","contact@itaewonglobal.kr","+82 2 9500 5555","4","Seoul","South Korea","95","145","290","Breakfast, Wi-Fi"
"The Bund Riverside Hotel","150 Nanjing East Rd","http://www.bundriverside.cn","info@bundriverside.cn","+86 21 6333 1111","5","Shanghai","China","100","150","300","Breakfast, Wi-Fi"
"Lujiazui Skyline Suites","55 Lujiazui Ring Rd","http://www.lujiazuiskyline.cn","contact@lujiazuiskyline.cn","+86 21 6444 2222","5","Shanghai","China","110","170","340","Breakfast, Wi-Fi"
"Old French Concession Inn","10 Hengshan Rd","http://www.oldfrenchconcession.cn","reservations@oldfrenchconcession.cn","+86 21 6555 3333","4","Shanghai","China","90","140","280","Breakfast, Wi-Fi"
"Shanghai People's Square","45 Renmin Ave","http://www.shanghaipsq.cn","info@shanghaipsq.cn","+86 21 6666 4444","3","Shanghai","China","85","130","260","Breakfast, Wi-Fi"
"Xintiandi Lifestyle Hotel","25 Madang Rd","http://www.xintiandilife.cn","contact@xintiandilife.cn","+86 21 6777 5555","4","Shanghai","China","95","145","290","Breakfast, Wi-Fi"
"Wangfujing Imperial Inn","60 Wangfujing St","http://www.wangfujingimperial.cn","info@wangfujingimperial.cn","+86 10 6333 1111","5","Beijing","China","90","140","280","Breakfast, Wi-Fi"
"Beijing Temple of Heaven","22 Tiantan Rd","http://www.beijingtemple.cn","contact@beijingtemple.cn","+86 10 6444 2222","4","Beijing","China","85","130","260","Breakfast, Wi-Fi"
"Forbidden City Palace Suites","100 Zhongshan Ave","http://www.forbiddencitypalace.cn","reservations@forbiddencitypalace.cn","+86 10 6555 3333","5","Beijing","China","95","145","290","Breakfast, Wi-Fi"
"Beijing Hutong Retreat","77 Nanluoguxiang","http://www.beijinghutong.cn","info@beijinghutong.cn","+86 10 6666 4444","3","Beijing","China","80","120","240","Breakfast, Wi-Fi"
"Summer Palace Garden Inn","18 Yiheyuan Rd","http://www.summerpalacegarden.cn","contact@summerpalacegarden.cn","+86 10 6777 5555","4","Beijing","China","90","140","280","Breakfast, Wi-Fi"
"Shinjuku Sky Hotel","88 Shinjuku-ku","http://www.shinjukusky.jp","info@shinjukusky.jp","+81 3 9100 1111","5","Tokyo","Japan","110","160","320","Breakfast, Wi-Fi"
"Ginza Luxury Suites","200 Ginza Chuo","http://www.ginzalux.jp","contact@ginzalux.jp","+81 3 9200 2222","5","Tokyo","Japan","120","180","360","Breakfast, Wi-Fi"
"Shibuya Crossing Inn","45 Shibuya-ku","http://www.shibuyacrossing.jp","reservations@shibuyacrossing.jp","+81 3 9300 3333","4","Tokyo","Japan","100","150","300","Breakfast, Wi-Fi"
"Asakusa Temple View","30 Asakusa Taito","http://www.asakusaview.jp","info@asakusaview.jp","+81 3 9400 4444","3","Tokyo","Japan","90","140","280","Breakfast, Wi-Fi"
"Roppongi Midtown Hotel","11 Roppongi Minato","http://www.roppongimidtown.jp","contact@roppongimidtown.jp","+81 3 9500 5555","5","Tokyo","Japan","130","200","400","Breakfast, Wi-Fi"
"Hollywood Star Hotel","6800 Hollywood Blvd","http://www.hollywoodstar.us","info@hollywoodstar.us","+1 323 710 0000","4","Los Angeles","United States","130","195","390","Breakfast, Wi-Fi"
"Santa Monica Beach Inn","200 Ocean Ave","http://www.santamonicabeachinn.us","contact@santamonicabeachinn.us","+1 310 720 1111","5","Los Angeles","United States","140","210","420","Breakfast, Wi-Fi, beach access"
"Beverly Hills Luxury","300 Rodeo Dr","http://www.beverlyhillslux.us","reservations@beverlyhillslux.us","+1 310 730 2222","5","Los Angeles","United States","150","220","440","Breakfast, Wi-Fi"
"Downtown LA Tower","555 S Flower St","http://www.downtownlatower.us","info@downtownlatower.us","+1 213 740 3333","4","Los Angeles","United States","120","180","360","Breakfast, Wi-Fi"
"Venice Boardwalk Boutique","77 Ocean Front Walk","http://www.veniceboardwalk.us","contact@veniceboardwalk.us","+1 310 750 4444","4","Los Angeles","United States","110","170","340","Breakfast, Wi-Fi"
"Manhattan Skyline Hotel","701 5th Avenue","http://www.manhattanskyline.us","info@manhattanskyline.us","+1 212 710 0000","5","New York","United States","160","240","480","Breakfast, Wi-Fi"
"Central Park View Inn","300 Central Park West","http://www.centralparkview.us","contact@centralparkview.us","+1 212 720 1111","4","New York","United States","140","210","420","Breakfast, Wi-Fi"
"Times Square Elite","123 Broadway","http://www.timessquareelite.us","reservations@timessquareelite.us","+1 212 730 2222","5","New York","United States","150","220","440","Breakfast, Wi-Fi"
"SoHo Loft Hotel","88 Greene St","http://www.soholoft.us","info@soholoft.us","+1 212 740 3333","4","New York","United States","130","195","390","Breakfast, Wi-Fi"
"Wall Street Executive","15 Wall St","http://www.wallstreetexec.us","contact@wallstreetexec.us","+1 212 750 4444","5","New York","United States","170","255","510","Breakfast, Wi-Fi"
"Plaza Mayor Retreat","40 Plaza Mayor","http://www.plazamayorretreat.es","info@plazamayorretreat.es","+34 91 400 1111","4","Madrid","Spain","95","145","290","Breakfast, Wi-Fi"
"Gran Via Prestige","101 Gran Via","http://www.granviaprestige.es","contact@granviaprestige.es","+34 91 410 2222","5","Madrid","Spain","110","170","340","Breakfast, Wi-Fi"
"Puerta del Sol Suites","9 Puerta del Sol","http://www.puertadelsolsuites.es","reservations@puertadelsolsuites.es","+34 91 420 3333","4","Madrid","Spain","100","150","300","Breakfast, Wi-Fi"
"Retiro Park Hotel","55 Calle de Alcalá","http://www.retiroparkhotel.es","info@retiroparkhotel.es","+34 91 430 4444","3","Madrid","Spain","90","140","280","Breakfast, Wi-Fi"
"Salamanca District Inn","18 Calle de Serrano","http://www.salamancadistrict.es","contact@salamancadistrict.es","+34 91 440 5555","4","Madrid","Spain","95","145","290","Breakfast, Wi-Fi"
"Vatican Garden Inn","15 Borgo Pio","http://www.vaticangardeninn.it","info@vaticangardeninn.it","+39 06 7000 5566","4","Rome","Italy","100","150","300","Breakfast, Wi-Fi"
"Colosseum Imperial Hotel","78 Via dei Fori Imperiali","http://www.colosseumimperial.it","contact@colosseumimperial.it","+39 06 7100 6677","5","Rome","Italy","110","170","340","Breakfast, Wi-Fi"
"Trastevere Riverside Inn","44 Viale Trastevere","http://www.trastevereriverside.it","reservations@trastevereriverside.it","+39 06 7200 7788","3","Rome","Italy","95","145","290","Breakfast, Wi-Fi"
"Pantheon Heritage Suites","9 Piazza della Rotonda","http://www.pantheonheritage.it","info@pantheonheritage.it","+39 06 7300 8899","5","Rome","Italy","120","180","360","Breakfast, Wi-Fi"
"Spanish Steps Classic","21 Via Condotti","http://www.spanishstepsclassic.it","contact@spanishstepsclassic.it","+39 06 7400 9900","4","Rome","Italy","100","160","320","Breakfast, Wi-Fi"
"Berlin Reichstag View","60 Bundestagstrasse","http://www.berlinreichstagview.de","info@berlinreichstagview.de","+49 30 8000 2233","5","Berlin","Germany","95","145","290","Breakfast, Wi-Fi"
"Checkpoint Charlie Inn","22 Friedrichstrasse","http://www.checkpointcharlieinn.de","contact@checkpointcharlieinn.de","+49 30 7000 3344","4","Berlin","Germany","85","135","270","Breakfast, Wi-Fi"
"Alexanderplatz Central","100 Karl-Marx-Allee","http://www.alexanderplatzcentral.de","reservations@alexanderplatzcentral.de","+49 30 7100 4455","4","Berlin","Germany","90","140","280","Breakfast, Wi-Fi"
"Berlin Zoo Hotel","45 Budapester Str.","http://www.berlinzoohotel.de","info@berlinzoohotel.de","+49 30 7200 5566","3","Berlin","Germany","80","130","260","Breakfast, Wi-Fi"
"Kurfürstendamm Deluxe","99 Kurfürstendamm","http://www.kudammdeluxe.de","contact@kudammdeluxe.de","+49 30 7300 6677","5","Berlin","Germany","100","160","320","Breakfast, Wi-Fi"
"Paris Louvre Palace","45 Rue de Rivoli","http://www.parislouvrepalace.fr","info@parislouvrepalace.fr","+33 1 4500 1122","5","Paris","France","160","230","460","Breakfast, Wi-Fi, spa"
"Montmartre Panorama Hotel","88 Rue Lepic","http://www.montmartrepanorama.fr","contact@montmartrepanorama.fr","+33 1 4600 2233","4","Paris","France","130","190","380","Breakfast, Wi-Fi"
"Champs Elysees Residence","5 Avenue George V","http://www.champsresidence.fr","reservations@champsresidence.fr","+33 1 4700 3344","5","Paris","France","170","250","500","Breakfast, Wi-Fi, daily cleaning"
"Gare du Nord Suites","12 Rue du Dunkerque","http://www.garedunordsuites.fr","info@garedunordsuites.fr","+33 1 4800 4455","3","Paris","France","120","180","360","Breakfast, Wi-Fi"
"Latin Quarter Retreat","19 Rue Mouffetard","http://www.latinquarterretreat.fr","contact@latinquarterretreat.fr","+33 1 4900 5566","4","Paris","France","140","200","400","Breakfast, Wi-Fi"
"London Royal Pavilion","200 Piccadilly St.","http://www.londonroyalpavilion.com","info@londonroyalpavilion.com","+44 20 7000 2001","5","London","United Kingdom","130","190","380","Breakfast, Wi-Fi, afternoon tea"
"Thames Garden Hotel","300 Strand","http://www.thamesgardenhotel.co.uk","contact@thamesgardenhotel.co.uk","+44 20 7100 1234","4","London","United Kingdom","110","170","340","Breakfast, Wi-Fi"
"Westminster Abbey Inn","55 Victoria St","http://www.westminsterabbeyinn.uk","reservations@westminsterabbeyinn.uk","+44 20 7123 4567","4","London","United Kingdom","100","160","320","Breakfast, Wi-Fi, daily cleaning"
"London Bridge Boutique","76 Borough High St","http://www.londonbridgeboutique.uk","info@londonbridgeboutique.uk","+44 20 7200 9876","5","London","United Kingdom","120","180","360","Breakfast, Wi-Fi"
"Hyde Park Executive Stay","85 Bayswater Rd","http://www.hydeparkexecstay.uk","contact@hydeparkexecstay.uk","+44 20 7500 5555","5","London","United Kingdom","140","210","420","Breakfast, Wi-Fi, gym"